NUMBER,SCRIPT_ID,IMDB,TITLE,YEAR,GROSS,GENRE,AWARD,NOTES,X
1,623,tt0179626,15 Minutes,2001,37,action,1,,
2,1525,tt0974661,17 Again,2009,74,comedy,2,,
4,1509,tt1190080,2012,2009,192,sci-fi,2,,
5,1530,tt1622547,30 Minutes or Less,2011,40,comedy,0,,
6,1532,tt0083511,48 Hrs.,1982,224,comedy,3,,
7,1537,tt0134273,8MM,1999,62,crime,3,,
8,4022,tt0066921,A Clockwork Orange,1971,NA,sci-fi,3,,
9,2190,tt0097243,A Dry White Season,1989,8,drama,3,,
10,1538,tt0104257,A Few Good Men,1992,295,drama,3,,
12,1196,tt0087800,A Nightmare on Elm Street,1984,68,horror,1,,
13,4706,tt0093629,A Nightmare on Elm Street 3: Dream Warriors,1987,99,horror,1,,
14,4702,tt0095742,A Nightmare on Elm Street 4: The Dream Master,1988,104,horror,1,,
15,4703,tt0097981,A Nightmare on Elm Street 5: The Dream Child,1989,48,horror,1,razzie,
16,1455,tt0281358,A Walk to Remember,2002,61,drama,2,,
17,642,tt0094602,Above the Law,1988,40,crime,0,,
18,1545,tt0118548,Absolute Power,1997,94,crime,1,,
19,1559,tt0118564,Affliction,1997,11,crime,3,,
20,1564,tt0088683,Agnes of God,1985,NA,drama,3,,
21,647,tt0118571,Air Force One,1997,327,action,2,,
22,650,tt0083530,Airplane II: The Sequel,1982,NA,comedy,1,,
23,648,tt0080339,Airplane!,1980,269,comedy,0,,
24,653,tt0248667,Ali,2001,89,drama,3,,
25,1576,tt0078748,Alien,1979,6,sci-fi,2,,
28,1597,tt0090605,Aliens,1986,199,sci-fi,2,,
29,1582,tt0103644,Alien�_,1992,116,sci-fi,2,,
30,1606,tt0181875,Almost Famous,2000,52,comedy,1,,
31,1609,tt0369226,Alone in the Dark,2005,6,horror,1,razzies ,
32,664,tt0086879,Amadeus,1984,NA,drama,3,,
33,1613,tt1129445,Amelia,2009,16,drama,1,,
34,1615,tt0169547,American Beauty,1999,222,drama,3,,
35,665,tt0765429,American Gangster,2007,164,crime,3,,
36,666,tt0069704,American Graffiti,1973,565,comedy,3,,
37,1628,tt1800241,American Hustle,2013,160,drama,3,,
39,1634,tt0244000,American Outlaws,2001,20,action,1,,
40,1635,tt0163651,American Pie,1999,174,comedy,2,,
41,1639,tt0144084,American Psycho,2000,24,drama,1,,
43,1643,tt0305206,American Splendor,2003,8,comedy,3,,
44,674,tt0082010,An American Werewolf in London,1981,NA,horror,2,,
45,3838,tt0118604,An American Werewolf in Paris,1997,50,horror,2,,
46,1650,tt1174732,An Education,2009,14,drama,3,,
47,4738,tt0084434,An Officer and a Gentleman,1982,384,drama,3,,
48,1652,tt0122933,Analyze This,1999,183,comedy,3,,
50,1655,tt0225071,Angel Eyes,2001,36,drama,0,,
51,1657,tt0808151,Angels & Demons,2009,154,crime,1,,
52,1659,tt1781769,Anna Karenina,2012,13,drama,3,,
53,682,tt0075686,Annie Hall,1977,152,comedy,3,,
54,1667,tt1521197,Anonymous,2011,4,drama,2,,
55,1669,tt0218817,Antitrust,2001,16,action,2,,
57,1676,tt0078788,Apocalypse Now,1979,16,drama,3,,
58,1682,tt0118636,Apt Pupil,1998,16,horror,1,,
59,1684,tt1764183,Arbitrage,2012,8,drama,3,,
60,1689,tt0106303,Arctic Blue,1993,NA,action,0,,
61,1700,tt0082031,Arthur,1981,298,comedy,3,,
62,1702,tt0119822,As Good as It Gets,1997,280,comedy,3,,
63,1705,tt0112401,Assassins,1995,60,action,0,,
64,1710,tt0132512,At First Sight,1999,38,drama,0,,
65,699,tt0145660,Austin Powers: The Spy Who Shagged Me,1999,351,comedy,2,,
66,1716,tt2114461,Authors Anonymous,2014,NA,comedy,0,,
67,1717,tt0174480,Autumn in New York,2000,61,drama,1,razzie,
68,1718,tt0499549,Avatar,2009,882,sci-fi,3,,
69,1727,tt0449467,Babel,2006,45,drama,3,,
70,707,tt0086927,Bachelor Party,1984,99,comedy,0,,
71,1735,tt0101393,Backdraft,1991,160,action,2,,
72,1739,tt2350892,Bad Country,2014,NA,crime,0,,
74,712,tt0103759,Bad Lieutenant,1992,4,crime,1,,
75,1744,tt0307987,Bad Santa,2003,86,comedy,3,,
76,1747,tt0069762,Badlands,1973,NA,crime,3,,
77,714,tt0215545,Bamboozled,2000,3,comedy,3,,
78,716,tt0072684,Barry Lyndon,1975,NA,drama,3,,
79,715,tt0101410,Barton Fink,1991,12,comedy,3,,
80,1759,tt0264395,Basic,2003,38,action,1,stinkers,
81,718,tt0103772,Basic Instinct,1992,247,drama,2,,
82,1762,tt0115632,Basquiat,1996,5,drama,1,,
83,725,tt0096895,Batman,1989,550,action,3,,
84,1789,tt0118689,Bean,1997,85,comedy,1,,
85,1792,tt2125435,Beasts of the Southern Wild,2012,13,drama,3,,
86,729,tt0115641,Beavis and Butt-Head Do America,1996,124,comedy,2,,
87,3909,tt0094721,Beetlejuice,1988,155,comedy,2,,
88,1796,tt1532503,Beginners,2010,6,comedy,3,,
89,734,tt0106379,Being Human,1994,3,drama,0,,
90,1801,tt0120601,Being John Malkovich,1999,39,sci-fi,3,,
91,1802,tt0078841,Being There,1979,NA,drama,3,,
92,1807,tt0120603,Beloved,1998,42,drama,2,sat,
93,3918,tt0276816,Below,2002,0,horror,1,,
94,1811,tt0094737,Big,1988,243,comedy,3,,
95,740,tt0319061,Big Fish,2003,95,sci-fi,3,,
96,1831,tt0188453,Birthday Girl,2001,7,crime,0,,
97,744,tt0096933,Black Rain,1989,99,crime,2,,
98,1838,tt0462200,Black Snake Moan,2006,12,drama,1,,
99,1841,tt0947798,Black Swan,2010,117,drama,3,,
100,1843,tt0120611,Blade,1998,129,horror,1,,
101,1846,tt0187738,Blade II,2002,122,horror,1,,
102,1849,tt0083658,Blade Runner,1982,4,sci-fi,2,,
103,3936,tt0359013,Blade: Trinity,2004,73,horror,1,,
104,1853,tt0124298,Blast from the Past,1999,45,comedy,1,,
105,1858,tt0115710,Blood and Wine,1996,2,crime,1,,
106,1861,tt0086979,Blood Simple.,1984,4,crime,1,,
107,4589,tt0112533,Bloodfist VII: Manhunt,1995,NA,action,0,,
108,1863,tt0221027,Blow,2001,81,drama,1,,
109,1866,tt0090756,Blue Velvet,1986,20,drama,3,,
110,1870,tt0106447,Bodies Rest & Motion,1993,1,drama,1,,
111,1872,tt0082089,Body Heat,1981,NA,drama,3,,
112,757,tt0106453,Body of Evidence,1993,27,crime,1,,
113,3951,tt0181984,Boiler Room,2000,27,drama,2,,
114,1879,tt0166110,Bones,2001,11,horror,1,,
117,1893,tt0115734,Bottle Rocket,1996,2,comedy,2,,
118,1895,tt0115736,Bound,1996,7,crime,2,,
119,3958,tt1781782,Boy Who Never Slept,2006,NA,drama,0,,
120,5287,tt0112571,Boys on the Side,1995,46,comedy,1,,
121,771,tt0112573,Braveheart,1995,151,drama,3,,
122,774,tt0088846,Brazil,1985,24,sci-fi,3,,
123,1921,tt0078902,Breaking Away,1979,NA,comedy,3,,
124,1922,tt0393109,Brick,2005,2,drama,3,,
125,776,tt0163988,Bringing Out the Dead,1999,28,drama,1,,
126,1928,tt0092699,Broadcast News,1987,113,comedy,3,,
127,779,tt0115759,Broken Arrow,1996,138,action,2,,
128,1933,tt0913425,Broken Embraces,2009,5,drama,3,,
129,781,tt0315327,Bruce Almighty,2003,350,comedy,2,,
130,1939,tt0103893,Buffy the Vampire Slayer,1992,34,sci-fi,1,,
131,1940,tt0094812,Bull Durham,1988,107,comedy,3,,
132,1943,tt1462758,Buried,2010,1,drama,2,,
133,785,tt0887883,Burn After Reading,2008,73,drama,3,,
134,1948,tt0307879,Burning Annie,2004,NA,comedy,1,,
135,1953,tt2387411,Candle to Water,2012,NA,drama,0,,
137,1962,tt0795351,Case 39,2009,15,horror,1,,
138,1963,tt0112641,Casino,1995,84,crime,3,,
139,789,tt0162222,Cast Away,2000,377,drama,3,,
140,1974,tt1477837,Cedar Rapids,2011,7,comedy,1,,
141,1975,tt1405365,Celeste & Jesse Forever,2012,3,comedy,1,,
142,793,tt0337921,Cellular,2004,44,action,1,,
143,795,tt0824747,Changeling,2008,43,drama,3,,
144,1985,tt0402910,Chaos,2005,NA,crime,0,,
145,1989,tt0160127,Charlie's Angels,2000,201,action,2,sat,
146,1991,tt0118842,Chasing Amy,1997,22,comedy,3,,
148,1995,tt0175526,Cherry Falls,2000,NA,horror,1,,
149,4008,tt0206634,Children of Men,2006,46,sci-fi,3,,
150,4010,tt0163579,Chill Factor,1999,19,action,0,,
151,1999,tt0071315,Chinatown,1974,NA,crime,3,,
152,2002,tt2416048,Christ Complex,2012,NA,comedy,0,,
153,2003,tt1706593,Chronicle,2012,70,sci-fi,1,,
154,2011,tt0095765,Cinema Paradiso,1988,NA,drama,3,,
156,2019,tt0800320,Clash of the Titans,2010,179,sci-fi,2,,
157,2020,tt0109445,Clerks,1994,6,comedy,2,,
158,2027,tt0106582,Cliffhanger,1993,176,action,2,,
159,5297,tt0088930,Clue,1985,7,comedy,0,,
161,813,tt0109450,Cobb,1994,2,drama,1,,
162,811,tt0088936,Code of Silence,1985,NA,crime,0,,
163,2033,tt0159365,Cold Mountain,2003,137,drama,3,,
164,815,tt0233469,Collateral Damage,2002,59,action,0,,
165,2041,tt1657507,Colombiana,2011,40,action,2,,
166,2042,tt0109456,Color of Night,1994,41,crime,2,,
167,5298,tt0099291,Come See the Paradise,1990,1,drama,3,,
168,2046,tt0816462,Conan the Barbarian,2011,23,sci-fi,1,,
169,814,tt0270288,Confessions of a Dangerous Mind,2002,NA,crime,3,,
170,4039,tt0118883,Conspiracy Theory,1997,144,action,1,,
173,2056,tt0112722,Copycat,1995,64,crime,1,,
174,2059,tt1372686,Coriolanus,2011,0,drama,3,,
175,4047,tt0375679,Crash,2004,76,drama,3,,
176,2073,tt1570728,Crazy Stupid Love,2011,92,comedy,3,,
177,4034,tt0416658,Crazylove,2005,NA,comedy,0,,
178,2075,tt0974014,Creation,2009,NA,drama,1,,
179,830,tt0310924,Crime Spree,2003,NA,action,1,,
180,2083,tt0159382,Croupier,1998,11,drama,1,,
181,2091,tt0139134,Cruel Intentions,1999,65,drama,2,,
182,2095,tt0123755,Cube,1997,0,sci-fi,1,,
183,2100,tt0099348,Dances with Wolves,1990,378,action,1,,
184,2101,tt0118929,Dark City,1998,26,sci-fi,1,,
185,2108,tt0069945,Dark Star,1974,NA,sci-fi,1,,
186,4078,tt0106673,Dave,1993,133,comedy,3,,
187,844,tt0088993,Day of the Dead,1985,NA,horror,1,,
188,2126,tt0097165,Dead Poets Society,1989,210,drama,3,,
189,850,tt0266452,Death to Smoochy,2002,12,comedy,1,,
190,852,tt0104073,Deep Cover,1992,34,action,1,,
191,2139,tt0118956,Deep Rising,1998,20,horror,1,,
193,2150,tt0165710,Detroit Rock City,1999,7,comedy,1,,
194,2152,tt0112857,Devil in a Blue Dress,1995,32,crime,1,,
195,2154,tt0095016,Die Hard,1988,172,action,2,,
196,2158,tt0083833,Diner,1982,41,comedy,3,,
197,863,tt0486822,Disturbia,2007,101,crime,2,,
198,861,tt0097216,Do the Right Thing,1989,60,drama,3,,
199,864,tt0072890,Dog Day Afternoon,1975,NA,drama,3,,
201,4121,tt0421054,Domino,2005,13,action,1,,
203,868,tt0082288,Dragonslayer,1981,18,sci-fi,2,,
204,2184,tt0780504,Drive,2011,38,crime,3,,
205,2188,tt0157503,Drop Dead Gorgeous,1999,18,comedy,1,,
207,2193,tt0109686,Dumb & Dumber,1994,264,comedy,1,,
208,875,tt0087182,Dune,1984,70,sci-fi,2,,
209,2202,tt1282140,Easy A,2010,64,comedy,3,,
210,2204,tt0131369,Edtv,1999,38,comedy,2,,
211,878,tt0099487,Edward Scissorhands,1990,116,sci-fi,3,,
212,2210,tt0271367,Eight Legged Freaks,2002,25,horror,1,,
213,1137,tt0104815,El mariachi,1992,4,action,2,,
214,2214,tt0126886,Election,1999,25,comedy,3,,
216,885,tt0414055,Elizabeth: The Golden Age,2007,20,drama,3,,
218,2222,tt0120660,Enemy of the State,1998,207,action,2,,
219,2226,tt0278435,Enough,2002,58,action,2,,
221,4169,tt0195685,Erin Brockovich,2000,203,drama,3,,
222,892,tt0116225,Escape from L.A.,1996,49,sci-fi,1,,
223,2239,tt0082340,Escape from New York,1981,78,sci-fi,1,,
224,2240,tt0338013,Eternal Sunshine of the Spotless Mind,2004,47,drama,3,,
225,2243,tt0106834,Even Cowgirls Get the Blues,1993,3,comedy,1,,
226,2244,tt0119081,Event Horizon,1997,50,horror,1,,
227,902,tt0119094,Face/Off,1997,212,action,2,,
228,2265,tt0120667,Fantastic Four,2005,210,sci-fi,2,,
231,2267,tt0116282,Fargo,1996,48,drama,3,,
232,906,tt0083929,Fast Times at Ridgemont High,1982,NA,comedy,1,,
233,2273,tt0106873,Fatal Instinct,1993,16,comedy,0,,
234,5309,tt0101862,Father of the Bride,1991,184,comedy,2,,
235,2276,tt0120669,Fear and Loathing in Las Vegas,1998,19,comedy,3,,
236,4204,tt0362636,Fear of Clowns,2004,NA,horror,0,,
237,910,tt0426459,Feast,2005,NA,horror,1,,
238,909,tt0091042,Ferris Bueller's Day Off,1986,164,comedy,3,,
239,2282,tt0097351,Field of Dreams,1989,141,sci-fi,3,,
240,912,tt0137523,Fight Club,1999,63,drama,2,,
241,915,tt0195714,Final Destination,2000,86,horror,1,,
242,2294,tt0309593,Final Destination 2,2003,67,horror,2,,
244,916,tt0065724,Five Easy Pieces,1970,NA,drama,3,,
245,4218,tt0240507,Five Feet High and Rising,2000,NA,drama,3,,
246,2299,tt0080745,Flash Gordon,1980,NA,sci-fi,2,,
247,2303,tt1907668,Flight,2012,102,drama,3,,
249,921,tt0109830,Forrest Gump,1994,686,drama,3,,
250,2311,tt0113101,Four Rooms,1995,8,comedy,1,mtv best sandwich ,
251,2313,tt1100089,Foxcatcher,2014,12,drama,3,,
252,2314,tt0488120,Fracture,2007,49,crime,2,,
253,2316,tt0083967,Frances,1982,14,drama,3,,
254,2331,tt0186151,Frequency,2000,72,drama,2,,
255,4235,tt0083972,Friday the 13th Part III,1982,107,horror,1,,
256,926,tt0097388,Friday the 13th Part VIII: Jason Takes Manhattan,1989,31,horror,1,,
257,2337,tt1438176,Fright Night,2011,20,horror,1,,
258,2338,tt0116367,From Dusk Till Dawn,1996,20,horror,1,,
260,2344,tt0978759,Frozen River,2008,3,drama,23,,
261,2346,tt2334649,Fruitvale Station,2013,17,drama,2,,
262,937,tt0119173,G.I. Jane,1997,91,action,2,,
263,4256,tt0177789,Galaxy Quest,1999,122,sci-fi,2,,
264,2358,tt0425055,Game 6,2005,NA,drama,0,,
265,939,tt1034032,Gamer,2009,23,sci-fi,0,,
266,2368,tt0083987,Gandhi,1982,NA,drama,3,,
267,2370,tt0118900,Gang Related,1997,10,action,0,,
268,942,tt0217505,Gangs of New York,2002,116,crime,3,,
269,941,tt0119177,Gattaca,1997,23,sci-fi,2,,
270,2389,tt0099653,Ghost,1990,448,sci-fi,3,,
271,2396,tt0288477,Ghost Ship,2002,45,horror,1,,
272,2399,tt0162346,Ghost World,2001,9,comedy,3,,
273,2405,tt0097428,Ghostbusters II,1989,245,comedy,1,,
274,2408,tt0172495,Gladiator,2000,303,action,3,,
275,2412,tt0104348,Glengarry Glen Ross,1992,22,drama,3,,
276,2413,tt0139239,Go,1999,28,comedy,2,,
277,2419,tt0120684,Gods and Monsters,1998,11,drama,3,,
278,2427,tt0119217,Good Will Hunting,1997,261,drama,2,,
279,4292,tt0099685,Goodfellas,1990,96,drama,3,,
282,2440,tt0338075,Grand Theft Parsons,2003,NA,action,0,,
283,2445,tt1454468,Gravity,2013,293,sci-fi,3,,
284,974,tt0119229,Grosse Pointe Blank,1997,53,comedy,1,,
285,975,tt0107048,Groundhog Day,1993,148,comedy,3,,
286,2462,tt0113243,Hackers,1995,15,drama,0,,
287,4311,tt0373883,Halloween,2007,73,horror,1,,
288,4315,tt0095271,Halloween 4: The Return of Michael Myers,1988,37,horror,1,,
289,4317,tt0120694,Halloween H20: 20 Years Later,1998,102,horror,2,,
290,978,tt0113253,Halloween: The Curse of Michael Myers,1995,30,horror,1,stinkers,
291,2472,tt0091167,Hannah and Her Sisters,1986,94,comedy,3,,
292,983,tt0067180,Happy Birthday Wanda June,1971,NA,drama,0,,
294,985,tt0120696,Hard Rain,1998,36,action,0,,
295,986,tt0099739,Hard to Kill,1990,97,action,0,,
296,4333,tt0079271,Hardcore,1979,NA,drama,1,,
297,988,tt0366551,Harold & Kumar Go to White Castle,2004,25,comedy,2,,
298,4337,tt0067185,Harold and Maude,1971,NA,drama,3,,
299,2498,tt1001508,He's Just Not That Into You,2009,109,comedy,1,,
300,996,tt0113277,Heat,1995,134,action,1,,
301,4345,tt0097493,Heathers,1988,2,comedy,1,,
302,2505,tt0110005,Heavenly Creatures,1994,6,drama,3,,
303,1001,tt0252503,Heist,2001,NA,action,0,,
304,2519,tt0093177,Hellraiser,1987,32,horror,1,,
305,1006,tt0104409,Hellraiser III: Hell on Earth,1992,26,horror,1,,
306,2529,tt0274546,Hellraiser: Hellseeker,2002,NA,horror,1,,
307,1010,tt0122529,Henry Fool,1997,2,drama,1,,
308,2534,tt1220888,Henry's Crime,2010,NA,crime,0,,
309,4354,tt0104412,Hero,1992,40,drama,0,,
310,2535,tt1403177,Hesher,2010,NA,drama,1,,
311,2536,tt0146882,High Fidelity,2000,44,comedy,3,,
312,2540,tt0091203,Highlander,1986,13,sci-fi,0,,
314,2548,tt0164052,Hollow Man,2000,118,horror,2,,
315,2550,tt0829193,Honeydripper,2007,NA,drama,1,,
316,4369,tt0093209,Hope and Glory,1987,22,drama,3,,
317,2551,tt1499658,Horrible Bosses,2011,129,comedy,1,,
318,1016,tt0340163,Hostage,2005,46,action,1,,
319,1019,tt0395169,Hotel Rwanda,2004,32,drama,3,,
320,1018,tt0251736,House of 1000 Corpses,2003,18,horror,1,,
321,4377,tt0116573,House of the Damned,1996,NA,horror,0,,
322,4378,tt0185371,House on Haunted Hill,1999,69,horror,1,,
324,2576,tt0219822,Human Nature,2001,1,comedy,1,,
325,4392,tt0480249,I Am Legend,2007,323,sci-fi,1,,
326,2580,tt0277027,I Am Sam,2001,61,drama,3,,
327,2582,tt1045772,I Love You Phillip Morris,2009,2,comedy,1,,
328,2585,tt0130018,I Still Know What You Did Last Summer,1998,74,horror,1,,
330,2587,tt0110097,I'll Do Anything,1994,21,comedy,1,,
331,4399,tt0387808,Idiocracy,2006,0,comedy,1,,
332,2596,tt0247425,In the Bedroom,2001,55,drama,3,,
333,2597,tt1226774,In the Loop,2009,2,comedy,3,,
334,2598,tt1375666,Inception,2010,323,sci-fi,3,,
335,1030,tt0116629,Independence Day,1996,602,sci-fi,2,,
336,2604,tt0097576,Indiana Jones and the Last Crusade,1989,431,action,3,,
337,1036,tt0087469,Indiana Jones and the Temple of Doom,1984,466,action,2,,
338,2618,tt1591095,Insidious,2010,59,horror,1,,
339,2619,tt0278504,Insomnia,2002,100,drama,1,,
340,2622,tt0110148,Interview with the Vampire: The Vampire Chronicles,1994,218,drama,3,,
341,2625,tt0758758,Into the Wild,2007,23,drama,3,,
342,1041,tt0138524,Intolerable Cruelty,2003,50,comedy,1,,
343,2629,tt0119381,Inventing the Abbotts,1997,11,drama,0,,
344,2632,tt1057500,Invictus,2009,43,drama,3,,
347,2644,tt1230414,It's Complicated,2009,131,comedy,3,,
348,2653,tt0119396,Jackie Brown,1997,75,crime,3,,
349,1053,tt0099871,Jacob's Ladder,1990,53,horror,1,,
350,2660,tt1229822,Jane Eyre,2011,12,drama,2,,
351,4238,tt0107254,Jason Goes to Hell: The Final Friday,1993,33,horror,1,,
352,4236,tt0091080,Jason Lives: Friday the 13th Part VI,1986,44,horror,1,,
353,2664,tt0211443,Jason X,2001,19,horror,1,,
354,2666,tt0073195,Jaws,1975,1103,horror,3,,
355,2671,tt0077766,Jaws 2,1978,382,horror,0,,
356,4449,tt0085750,Jaws 3-D,1983,116,horror,1,,
357,4450,tt0093300,Jaws: The Revenge,1987,46,horror,1,,
358,2673,tt0261392,Jay and Silent Bob Strike Back,2001,46,comedy,1,,
359,2675,tt0104549,Jennifer 8,1992,23,crime,1,,
360,2679,tt0116695,Jerry Maguire,1996,303,comedy,3,,
361,2682,tt0102138,JFK,1991,145,drama,3,,
362,1061,tt0425151,Jimmy and Judy,2006,NA,crime,1,,
363,1060,tt0251160,John Q,2002,106,drama,1,,
365,2687,tt0113492,Judge Dredd,1995,69,sci-fi,1,,
366,2688,tt0467406,Juno,2007,180,drama,3,,
368,1062,tt0163025,Jurassic Park III,2001,278,sci-fi,1,,
369,1067,tt0102181,Kafka,1991,2,sci-fi,1,,
370,2697,tt0107302,Kalifornia,1993,5,crime,1,,
371,1213,tt0035423,Kate & Leopold,2001,72,comedy,3,,
372,2699,tt0113540,Kids,1995,14,drama,1,,
373,4474,tt0266697,Kill Bill (Pt 1+2),2003,101,action,3,,
374,2704,tt0360717,King Kong,2005,295,action,3,,
375,2713,tt0067309,Klute,1971,NA,crime,3,,
376,4487,tt0104627,Knight Moves,1992,1,crime,1,,
377,2714,tt0478311,Knocked Up,2007,188,comedy,1,,
378,4489,tt0079417,Kramer vs. Kramer,1979,367,drama,3,,
379,1077,tt0119485,Kundun,1997,10,drama,2,,
382,1080,tt0119488,L.A. Confidential,1997,122,crime,3,,
383,2728,tt0139414,Lake Placid,1999,54,horror,0,,
384,2733,tt1583420,Larry Crowne,2011,39,comedy,1,,
385,2736,tt1046947,Last Chance Harvey,2008,18,drama,3,,
386,2743,tt0070849,Last Tango in Paris,1972,NA,drama,3,,
387,1091,tt1197624,Law Abiding Citizen,2009,85,crime,1,,
388,2745,tt0113627,Leaving Las Vegas,1995,64,drama,3,,
390,4515,tt0089469,Legend,1985,37,sci-fi,2,,
391,1094,tt1038686,Legion,2010,44,action,1,,
393,4519,tt0110413,L̩eon: The Professional,1994,67,crime,1,,
394,2754,tt1707386,Les Mis̩rables,2012,162,drama,3,,
395,1097,tt0097737,Leviathan,1989,34,horror,1,,
396,2762,tt0123964,Life,1999,109,comedy,2,,
397,2764,tt0264796,Life as a House,2001,23,drama,3,,
398,2769,tt0454876,Life of Pi,2012,136,sci-fi,3,,
399,2770,tt0102307,Light Sleeper,1992,2,drama,1,,
400,2775,tt1219289,Limitless,2011,86,sci-fi,1,,
401,2777,tt0443272,Lincoln,2012,198,drama,3,,
402,1107,tt0417907,Little Athens,2005,NA,drama,0,,
403,2785,tt0185431,Little Nicky,2000,63,comedy,1,,
404,2787,tt0113677,Living in Oblivion,1995,2,drama,1,,
405,2789,tt0120735,Lock  Stock and Two Smoking Barrels,1998,6,crime,2,,
406,4543,tt0074812,Logan's Run,1976,102,sci-fi,2,,
407,2793,tt0116905,Lone Star,1996,26,drama,3,,
408,2799,tt0113690,Lord of Illusions,1995,26,horror,1,,
409,2804,tt0399295,Lord of War,2005,32,crime,1,,
410,4561,tt0116922,Lost Highway,1997,7,drama,1,,
413,2812,tt0335266,Lost in Translation,2003,64,drama,3,,
414,4565,tt0160484,Lost Souls,2000,27,horror,1,,
415,2814,tt0199725,Love & Basketball,2000,44,drama,1,,
416,2815,tt0985694,Machete,2010,29,action,1,,
417,2816,tt1586752,Machine Gun Preacher,2011,0,action,2,,
418,4572,tt0227005,Made,2001,8,comedy,1,,
419,2821,tt0175880,Magnolia,1999,38,drama,3,,
420,2824,tt0097815,Major League,1989,109,comedy,1,,
421,1126,tt0104797,Malcolm X,1992,101,drama,3,,
422,1128,tt0328107,Man on Fire,2004,109,action,1,,
423,2833,tt0125664,Man on the Moon,1999,59,drama,3,,
424,1129,tt0104804,Man Trouble,1992,8,comedy,1,,
425,2846,tt0107507,Manhattan Murder Mystery,1993,23,comedy,3,,
426,1136,tt0091474,Manhunter,1986,20,crime,1,,
427,2852,tt1615147,Margin Call,2011,5,drama,3,,
428,2854,tt0757361,Margot at the Wedding,2007,2,drama,1,,
429,2858,tt1441326,Martha Marcy May Marlene,2011,3,drama,1,,
430,4228,tt0109836,Mary Shelley's Frankenstein,1994,45,horror,2,,
431,2865,tt0311113,Master and Commander: The Far Side of the World,2003,135,drama,3,,
432,1146,tt0467197,Max Payne,2008,49,action,1,,
433,4606,tt0070379,Mean Streets,1973,NA,crime,1,,
434,2881,tt0119643,Meet Joe Black,1998,82,sci-fi,1,,
436,2887,tt0209144,Memento,2000,41,crime,3,,
437,1148,tt0119654,Men in Black,1997,473,action,3,,
438,2894,tt1409024,Men in Black 3,2012,195,action,1,,
439,1152,tt0119664,Metro,1997,60,comedy,1,,
441,1155,tt0077928,Midnight Express,1978,130,drama,3,,
442,4626,tt0113820,Mighty Morphin Power Rangers: The Movie,1995,75,action,1,,
443,2918,tt0119675,Mimic,1997,48,sci-fi,1,,
444,2924,tt0181689,Minority Report,2002,197,sci-fi,2,,
445,2927,tt0790686,Mirrors,2008,37,horror,1,,
446,2930,tt0100157,Misery,1990,126,horror,3,,
447,1165,tt0183523,Mission to Mars,2000,98,sci-fi,1,,
448,2933,tt0117060,Mission: Impossible,1996,356,action,1,,
449,2935,tt0120755,Mission: Impossible II,2000,347,action,1,,
450,1166,tt0166276,Monkeybone,2001,8,sci-fi,1,,
451,2946,tt1182345,Moon,2009,5,sci-fi,3,,
452,2947,tt1748122,Moonrise Kingdom,2012,49,drama,3,,
453,2949,tt0093565,Moonstruck,1987,179,comedy,3,,
455,1169,tt0780571,Mr. Brooks,2007,36,horror,1,,
458,2957,tt0119280,Mrs Brown,1997,17,drama,3,,
459,2962,tt0166924,Mulholland Drive,2001,11,drama,3,,
460,2964,tt0140397,Mumford,1999,7,drama,1,,
461,2968,tt0166943,Music of the Heart,1999,25,drama,3,,
462,2969,tt0110604,Mute Witness,1995,2,horror,1,,
463,1179,tt0119738,My Best Friend's Wedding,1997,240,comedy,3,,
464,1178,tt0102492,My Girl,1991,123,drama,1,,
465,4670,tt0110613,My Girl 2,1994,34,drama,1,,
466,2976,tt0132347,Mystery Men,1999,50,comedy,1,,
468,2980,tt0073440,Nashville,1975,NA,drama,3,,
469,1185,tt0110632,Natural Born Killers,1994,104,drama,3,,
470,4688,tt0074958,Network,1976,NA,drama,3,,
471,4691,tt0111686,New Nightmare,1994,37,horror,1,,
472,1190,tt0435705,Next,2007,22,action,1,,
473,2996,tt0195945,Next Friday,2000,92,comedy,1,,
474,2998,tt0113972,Nick of Time,1995,16,action,0,,
475,3014,tt1186367,Ninja Assassin,2009,44,action,0,,
477,4711,tt0113987,Nixon,1995,27,drama,3,,
478,3019,tt1411238,No Strings Attached,2011,77,comedy,1,,
480,3020,tt0125439,Notting Hill,1999,198,comedy,3,,
482,3024,tt0171580,Nurse Betty,2000,40,comedy,3,,
483,4730,tt0190590,O Brother Where Art Thou?,2000,73,action,3,,
484,3027,tt1197628,Observe and Report,2009,27,comedy,1,,
485,3028,tt1198138,Obsessed,2009,79,horror,1,,
486,3029,tt0240772,Ocean's Eleven,2001,281,crime,1,,
487,3031,tt0349903,Ocean's Twelve,2004,176,crime,1,,
488,3033,tt0151804,Office Space,1999,18,comedy,1,,
490,3040,tt1602613,Only God Forgives,2013,0,crime,1,,
491,4758,tt0110737,Only You,1994,41,comedy,0,,
492,3042,tt0081283,Ordinary People,1980,177,drama,3,,
494,1211,tt1148204,Orphan,2009,48,horror,1,,
495,3047,tt0120780,Out of Sight,1998,69,crime,3,,
496,1215,tt0258000,Panic Room,2002,142,horror,1,,
497,4765,tt0114084,Panther,1995,13,drama,1,,
498,3059,tt2006810,Papadopoulos & Sons,2012,NA,comedy,1,,
499,3062,tt1233334,Pariah,2011,0,drama,1,,
500,1219,tt0213149,Pearl Harbor,2001,305,drama,2,,
502,1220,tt0091738,Peggy Sue Got Married,1986,97,sci-fi,3,,
503,3076,tt0403407,Perfect Creature,2006,NA,sci-fi,1,,
504,3082,tt0098084,Pet Sematary,1989,126,horror,1,,
505,1223,tt0105128,Pet Sematary II,1992,35,horror,1,,
507,3087,tt0107818,Philadelphia,1993,162,drama,3,,
508,3089,tt0183649,Phone Booth,2002,69,action,1,,
509,3091,tt0138704,Pi,1998,5,horror,1,,
510,3097,tt0910936,Pineapple Express,2008,105,comedy,3,,
511,3105,tt0134847,Pitch Black,2000,63,sci-fi,1,,
513,3110,tt0091763,Platoon,1986,323,drama,3,,
514,3113,tt0120789,Pleasantville,1998,75,sci-fi,2,,
515,8652,tt0114148,Pocahontas,1995,284,drama,2,,
516,3116,tt0102685,Point Break,1991,89,crime,1,,
519,3124,tt0929632,Precious,2009,55,drama,3,,
520,1244,tt0093773,Predator,1987,132,sci-fi,2,,
521,1245,tt0100405,Pretty Woman,1990,366,comedy,3,,
522,3133,tt0414387,Pride & Prejudice,2005,52,drama,3,,
524,4829,tt1152836,Public Enemies,2009,112,crime,1,,
525,1257,tt0110912,Pulp Fiction,1994,224,drama,3,,
526,1253,tt0272338,Punch-Drunk Love,2002,26,comedy,3,,
527,1256,tt0087957,Purple Rain,1984,NA,drama,2,,
529,3162,tt0238546,Queen of the Damned,2002,45,sci-fi,1,,
530,4838,tt0180073,Quills,2000,11,drama,3,,
531,3167,tt1084950,Rachel Getting Married,2008,15,drama,3,,
532,3169,tt0081398,Raging Bull,1980,NA,drama,3,,
533,1034,tt0082971,Raiders of the Lost Ark,1981,9,action,3,,
534,3174,tt0102753,Rambling Rose,1991,12,drama,3,,
535,1264,tt0089880,Rambo: First Blood Part II,1985,367,action,2,,
536,1267,tt0089886,Real Genius,1985,31,comedy,1,,
538,3190,tt0184858,Reindeer Games,2000,37,action,1,,
539,3194,tt1403981,Remember Me,2010,21,drama,1,,
540,4863,tt0294870,Rent,2005,39,drama,1,,
541,1273,tt0087995,Repo Man,1984,NA,crime,1,,
542,4866,tt0180093,Requiem for a Dream,2000,5,drama,3,,
543,3202,tt0105236,Reservoir Dogs,1992,5,crime,1,,
544,3204,tt0120804,Resident Evil,2002,59,sci-fi,1,,
545,4871,tt0122459,Return to Me,2000,52,drama,1,,
546,3209,tt0959337,Revolutionary Road,2008,27,drama,3,,
548,3216,tt0120801,RKO 281,1999,NA,drama,3,,
549,1285,tt1032755,RocknRolla,2008,6,crime,1,,
550,1284,tt0075148,Rocky,1976,477,drama,3,,
551,1286,tt1645131,Romeo & Juliet,2013,1,drama,1,,
552,4888,tt0117509,Romeo + Juliet,1996,91,drama,3,,
553,1287,tt0122690,Ronin,1998,77,crime,1,,
555,3242,tt0163187,Runaway Bride,1999,260,comedy,1,,
556,3244,tt1979320,Rush,2013,28,action,3,,
557,3248,tt0120812,Rush Hour,1998,261,comedy,1,,
558,3250,tt0266915,Rush Hour 2,2001,347,comedy,1,,
559,3254,tt2053425,Rust and Bone,2012,2,drama,3,,
560,1297,tt1231277,S. Darko,2009,NA,sci-fi,0,,
561,3345,tt0258153,S1m0ne,2002,14,sci-fi,1,,
563,1295,tt0206275,Save the Last Dance,2001,139,drama,1,,
564,3265,tt2140373,Saving Mr. Banks,2013,89,drama,3,,
565,3271,tt0387564,Saw,2004,77,horror,1,,
566,4914,tt0098258,Say Anything...,1989,45,comedy,1,,
567,4918,tt0257106,Scary Movie 2,2001,109,comedy,1,,
568,4920,tt0117571,Scream,1996,202,horror,1,,
569,3285,tt0134084,Scream 3,2000,143,horror,1,,
570,3288,tt0114369,Se7en,1995,200,crime,3,,
571,3293,tt0114388,Sense and Sensibility,1995,85,drama,3,,
572,1310,tt0111127,Serial Mom,1994,16,horror,1,,
573,4938,tt0221928,Seven Days to Live,2000,NA,horror,1,,
574,3300,tt1000774,Sex and the City,2008,185,comedy,1,,
575,3301,tt0098724,Sex  Lies  and Videotape,1989,54,drama,3,,
576,3302,tt0376874,Sexual Life,2005,NA,drama,1,,
577,3306,tt0138097,Shakespeare in Love,1998,185,drama,3,,
578,3310,tt0111149,Shallow Grave,1994,5,crime,1,,
579,3313,tt1723811,Shame,2011,4,drama,3,,
580,3314,tt0073692,Shampoo,1975,NA,comedy,3,,
581,1320,tt0815236,She's Out of My League,2010,34,comedy,1,,
582,3323,tt1104126,Shifty,2008,NA,crime,3,,
583,1324,tt0073705,Shivers,1975,NA,horror,1,,
584,4107,tt0263265,Shortcut to Happiness,2003,NA,drama,0,,
587,3333,tt0375063,Sideways,2004,100,comedy,3,,
588,1325,tt0286106,Signs,2002,341,sci-fi,1,,
589,1329,tt0090021,Silver Bullet,1985,NA,horror,1,,
590,4960,tt0090022,Silverado,1985,81,action,2,,
591,3347,tt0105414,Single White Female,1992,100,horror,1,,
592,1333,tt0105417,Sister Act,1992,293,comedy,3,,
593,4968,tt0301848,Slash,2002,NA,horror,0,,
594,3357,tt0108160,Sleepless in Seattle,1993,266,comedy,3,,
595,3358,tt0162661,Sleepy Hollow,1999,172,horror,2,,
596,3361,tt0117666,Sling Blade,1996,48,drama,3,,
597,3364,tt0439815,Slither,2006,10,horror,1,,
598,3365,tt1010048,Slumdog Millionaire,2008,170,drama,3,,
599,4976,tt0114478,Smoke,1995,16,drama,1,,
600,4978,tt0076729,Smokey and the Bandit,1977,495,comedy,3,,
601,1340,tt0475394,Smokin' Aces,2006,47,action,1,,
603,1343,tt0120834,Snow Falling on Cedars,1999,24,drama,2,,
604,1342,tt0108174,So I Married an Axe Murderer,1993,24,comedy,0,,
605,3387,tt0120157,Soldier,1998,27,sci-fi,1,,
607,3390,tt0094008,Someone to Watch Over Me,1987,22,crime,1,,
609,5003,tt0069303,Sounder,1972,NA,drama,3,,
610,1348,tt0158983,South Park: Bigger Longer & Uncut,1999,89,comedy,1,,
611,5006,tt0120174,Spacejacked,1997,NA,sci-fi,0,,
613,1350,tt0360009,Spartan,2004,6,crime,0,,
614,1351,tt0811080,Speed Racer,2008,53,sci-fi,2,,
615,3407,tt0120184,Sphere,1998,68,sci-fi,1,,
616,3413,tt0090060,St. Elmo's Fire,1985,92,drama,1,,
619,1361,tt0796366,Star Trek,2009,299,sci-fi,2,fantasy? and below,
620,5028,tt0088170,Star Trek III: The Search for Spock,1984,197,sci-fi,1,,
621,5029,tt0092007,Star Trek IV: The Voyage Home,1986,257,sci-fi,2,,
622,5030,tt0098382,Star Trek V: The Final Frontier,1989,120,sci-fi,1,,
623,5033,tt0102975,Star Trek VI: The Undiscovered Country,1991,154,sci-fi,1,,
624,5036,tt0117731,Star Trek: First Contact,1996,181,sci-fi,2,,
625,5035,tt0111280,Star Trek: Generations,1994,157,sci-fi,1,,
626,5037,tt0120844,Star Trek: Insurrection,1998,130,sci-fi,1,,
627,5038,tt0253754,Star Trek: Nemesis,2002,64,sci-fi,1,,
628,5025,tt0079945,Star Trek: The Motion Picture,1979,285,sci-fi,2,,
630,1360,tt0121765,Star Wars: Episode II - Attack of the Clones,2002,465,sci-fi,2,,
631,1362,tt0076759,Star Wars: Episode IV - A New Hope,1977,1798,sci-fi,2,,
632,3433,tt0080684,Star Wars: Episode V - The Empire Strikes Back,1980,937,sci-fi,2,,
633,1359,tt0086190,Star Wars: Episode VI - Return of the Jedi,1983,853,sci-fi,2,,
634,1371,tt0088172,Starman,1984,74,sci-fi,3,,
635,1366,tt0120201,Starship Troopers,1997,103,sci-fi,2,,
636,1367,tt0120202,State and Main,2000,11,comedy,1,,
638,3447,tt0120686,Stepmom,1998,168,drama,3,,
639,3455,tt0250081,Storytelling,2001,1,drama,2,,
640,3457,tt0114558,Strange Days,1995,15,crime,1,,
641,5063,tt0111300,Stranglehold,1994,NA,action,0,,
642,5068,tt0120238,SubUrbia,1996,0,drama,1,,
643,3462,tt0990413,Sugar,2008,1,drama,3,,
644,3463,tt0186589,Sugar & Spice,2001,20,comedy,0,,
646,3467,tt0862846,Sunshine Cleaning,2008,14,drama,3,comedy,
647,3468,tt1650062,Super 8,2011,139,sci-fi,2,,
648,3469,tt0829482,Superbad,2007,153,comedy,2,,
649,3471,tt0088206,Supergirl,1984,35,action,1,sci-fi,
650,5072,tt0081573,Superman II,1980,349,action,1,sci-fi,
651,5075,tt0086393,Superman III,1983,165,action,1,sci-fi,
652,5076,tt0094074,Superman IV: The Quest for Peace,1987,34,action,1,sci-fi,
653,3478,tt0324127,Suspect Zero,2004,12,crime,0,,
656,3494,tt1675192,Take Shelter,2011,1,drama,2,,
659,3503,tt1486190,Tamara Drewe,2010,0,comedy,2,good doggo,
661,3505,tt0075314,Taxi Driver,1976,NA,drama,2,,
662,3509,tt1637725,Ted,2012,239,comedy,2,,
663,5104,tt0103064,Terminator 2: Judgment Day,1991,423,action,2,sci-fi? another terminator later,
664,1547,tt0096754,The Abyss,1989,118,sci-fi,2,,
666,3806,tt0098987,The Adventures of Ford Fairlane,1990,44,action,1,comedy, 
668,1637,tt0112346,The American President,1995,130,comedy,3,,
669,1647,tt2216212,The Amityville Asylum,2013,NA,horror,0,,
670,1666,tt0254099,The Anniversary Party,2001,6,comedy,2,,
672,697,tt0118647,The Assignment,1997,1,action,0,,
673,1723,tt0848228,The Avengers,2012,680,action,2,,
674,1734,tt1212436,The Back-up Plan,2010,41,comedy,2,,
676,1805,tt0247199,The Believer,2001,0,drama,3,,
677,1810,tt1412386,The Best Exotic Marigold Hotel,2011,50,comedy,3,,
678,1815,tt0095250,The Big Blue,1988,NA,drama,1,,
679,1823,tt0118715,The Big Lebowski,1998,32,comedy,3,,
681,745,tt0387877,The Black Dahlia,2006,29,crime,2,,
683,1855,tt0878804,The Blind Side,2009,296,drama,3,,
684,1856,tt2132285,The Bling Ring,2013,6,drama,1,,
686,761,tt0099165,The Bonfire of the Vanities,1990,32,drama,1,Razzie + Stinkers Bad Movie,
687,1886,tt1037705,The Book of Eli,2010,104,sci-fi,2,,
688,1892,tt0144117,The Boondock Saints,1999,NA,action,0,,
689,768,tt1038919,The Bounty Hunter,2010,73,comedy,1,Razzie,
690,1902,tt0258463,The Bourne Identity,2002,181,action,1,,
691,1907,tt0440963,The Bourne Ultimatum,2007,287,action,3,,
692,1919,tt0088847,The Breakfast Club,1985,93,comedy,2,,
693,1934,tt0844286,The Brothers Bloom,2008,4,comedy,1,,
694,1949,tt0289879,The Butterfly Effect,2004,NA,sci-fi,1,,
695,1976,tt0209958,The Cell,2000,98,sci-fi,2,,
697,806,tt0124315,The Cider House Rules,1999,98,drama,3,,
699,2054,tt0318374,The Cooler,2003,11,drama,3,,
701,2087,tt0109506,The Crow,1994,105,sci-fi,2,,
703,2085,tt0132910,The Crow: Salvation,2000,NA,sci-fi,0,,
704,2093,tt0104036,The Crying Game,1992,131,drama,3,,
706,2099,tt1226271,The Damned United,2009,0,drama,1,,
707,846,tt0068451,The Day the Clown Cried,1972,NA,drama,0,,
709,2133,tt1226753,The Debt,2010,34,drama,1,,
711,853,tt0077416,The Deer Hunter,1978,NA,drama,3,,
712,2144,tt0407887,The Departed,2006,175,crime,3,,
713,2146,tt1033575,The Descendants,2011,90,drama,3,,
714,2153,tt0118971,The Devil's Advocate,1997,115,drama,2,,
715,871,tt0101761,The Doors,1991,72,drama,1,,
716,886,tt0080678,The Elephant Man,1980,NA,drama,3,,
717,2224,tt0116209,The English Patient,1996,154,drama,3,,
718,4184,tt0070047,The Exorcist,1973,195,horror,3,,
719,2259,tt0097322,The Fabulous Baker Boys,1989,36,drama,3,,
720,2263,tt0218967,The Family Man,2000,122,sci-fi,1,?,
721,4193,tt0109770,The Fantastic Four,1994,NA,action,0,,
722,2275,tt2582846,The Fault in Our Stars,2014,133,drama,2,,
723,911,tt0119116,The Fifth Element,1997,120,action,2,,
724,4208,tt1837703,The Fifth Estate,2013,3,drama,3,,
725,4216,tt0101889,The Fisher King,1991,86,drama,3,,
726,2328,tt0067116,The French Connection,1971,NA,drama,3,,
727,2347,tt0106977,The Fugitive,1993,386,action,3,,
728,4258,tt0119174,The Game,1997,91,drama,1,,
729,2387,tt0068638,The Getaway,1972,138,action,2,,
730,2391,tt0116409,The Ghost and the Darkness,1996,75,drama,2,,
731,4277,tt0068646,The Godfather,1972,690,crime,3,,
732,4280,tt0071562,The Godfather: Part II,1974,266,crime,3,,
733,2426,tt0279113,The Good Girl,2002,20,drama,2,,
736,2455,tt0099703,The Grifters,1990,27,crime,3,,
737,2460,tt0391198,The Grudge,2004,154,horror,1,,
738,2469,tt1119646,The Hangover,2009,321,comedy,3,,
739,2497,tt0171363,The Haunting,1999,156,horror,1,,
740,2510,tt0317640,The Hebrew Hammer,2003,NA,comedy,0,,
741,2530,tt1454029,The Help,2011,186,drama,3,,
742,2547,tt0371724,The Hitchhiker's Guide to the Galaxy,2005,69,sci-fi,1,,
743,2552,tt0119314,The Horse Whisperer,1998,139,drama,3,,
744,1017,tt0067217,The Hospital,1971,NA,comedy,3,,
745,1021,tt0110074,The Hudsucker Proxy,1994,5,comedy,1,,
747,2591,tt0119349,The Ice Storm,1997,14,drama,3,,
748,2594,tt1054606,The Imaginarium of Doctor Parnassus,2009,8,sci-fi,2,,
749,2616,tt0140352,The Insider,1999,49,drama,3,,
750,1044,tt1058017,The Invention of Lying,2009,21,comedy,1,,
751,1046,tt0317740,The Italian Job,2003,152,action,1,,
752,2651,tt0366627,The Jacket,2005,8,sci-fi,1,,
753,1071,tt0085794,The King of Comedy,1982,7,comedy,3,,
754,1073,tt0431197,The Kingdom,2007,60,action,1,,
755,4496,tt0335245,The Ladykillers,2004,55,comedy,1,,
756,4503,tt0104691,The Last of the Mohicans,1992,151,action,3,,
757,2739,tt0325710,The Last Samurai,2003,160,action,3,,
758,2742,tt0824758,The Last Station,2009,7,drama,3,,
760,1100,tt0289992,The Life of David Gale,2003,28,crime,1,,
761,2772,tt0165854,The Limey,1999,5,crime,1,,
762,1111,tt0116908,The Long Kiss Goodnight,1996,65,drama,1,,
763,1114,tt0167260,The Lord of the Rings: The Return of the King,2003,543,sci-fi,3,,
764,1116,tt0167261,The Lord of the Rings: The Two Towers,2002,509,sci-fi,3,,
765,2805,tt0480255,The Losers,2010,25,action,2,,
768,4464,tt0119567,The Lost World: Jurassic Park,1997,434,sci-fi,2,,
769,4577,tt0097806,The Magic Toyshop,1987,NA,sci-fi,1,,
770,1132,tt0120744,The Man in the Iron Mask,1998,105,action,1,,
773,1140,tt0110475,The Mask,1994,249,comedy,3,,
774,1141,tt0133093,The Matrix,1999,292,sci-fi,2,,
776,1176,tt0120616,The Mummy,1999,265,sci-fi,2,,
777,2997,tt1458175,The Next Three Days,2010,23,drama,1,,
779,3010,tt0810988,The Nines,2007,NA,sci-fi,1,,
781,1212,tt0467200,The Other Boleyn Girl,2008,32,drama,2,,
782,1216,tt0395699,The Pacifier,2005,153,comedy,2,,
783,1218,tt0187393,The Patriot,2000,182,drama,2,,
784,3079,tt1659337,The Perks of Being a Wallflower,2012,19,comedy,2,,
785,3092,tt0253474,The Pianist,2002,48,drama,3,,
786,3095,tt0107822,The Piano,1993,84,drama,3,,
787,4804,tt0086122,The Ploughman's Lunch,1983,NA,drama,3,,
788,3120,tt0119925,The Postman,1997,33,action,1,,
789,1241,tt0105159,The Power of One,1992,5,drama,0,,
790,1246,tt0093779,The Princess Bride,1987,68,comedy,2,,
791,3140,tt0066249,The Private Life of Sherlock Holmes,1970,NA,action,1,??,
792,3141,tt0395251,The Producers,2005,26,comedy,3,,
793,3142,tt0107889,The Program,1993,48,action,0,drama?,
794,1252,tt0114194,The Prophecy,1995,32,sci-fi,0,horror? drama?,
795,1258,tt0436697,The Queen,2006,74,drama,3,,
796,3178,tt0976051,The Reader,2008,41,drama,3,,
797,3192,tt0120004,The Relic,1997,64,horror,0,,
798,1274,tt0191397,The Replacements,2000,72,comedy,0,,
800,1281,tt0073629,The Rocky Horror Picture Show,1975,594,comedy,1,,
801,3237,tt1265990,The Roommate,2011,40,horror,2,,
803,1296,tt0235737,The Salton Sea,2002,1,crime,1,,
804,3262,tt0108037,The Sandlot,1993,68,comedy,1,,
806,3298,tt1866249,The Sessions,2012,6,comedy,3,,
810,3325,tt0081505,The Shining,1980,NA,horror,1,,
811,3327,tt0120824,The Shipping News,2001,17,drama,3,,
812,3336,tt0133952,The Siege,1998,75,action,1,,
813,1330,tt0102926,The Silence of the Lambs,1991,270,horror,3,,
814,3352,tt0167404,The Sixth Sense,1999,503,horror,3,,
815,1370,tt0070735,The Sting,1973,786,crime,3,,
817,3473,tt0418206,The Surfer King,2006,NA,comedy,0,,
818,3483,tt0120255,The Sweet Hereafter,1997,8,drama,3,,
819,3500,tt0134119,The Talented Mr. Ripley,1999,139,crime,3,,
820,3511,tt0088247,The Terminator,1984,99,action,1,,
822,3546,tt0108333,The Three Musketeers,1993,113,action,2,,
823,3557,tt0268695,The Time Machine,2002,84,sci-fi,2,,
824,1434,tt0120382,The Truman Show,1998,233,comedy,3,,
825,5164,tt1259571,The Twilight Saga: New Moon,2009,344,sci-fi,2,,
826,3631,tt1142988,The Ugly Truth,2009,103,comedy,2,,
827,5179,tt0114814,The Usual Suspects,1995,46,crime,3,,
828,3654,tt0084855,The Verdict,1982,159,drama,3,,
829,5186,tt0368447,The Village,2004,159,drama,2,,
830,3667,tt0857191,The Visitor,2007,11,drama,3,,
832,4992,tt0372532,The Wedding Date,2005,42,comedy,0,,
833,3701,tt0896872,The Whistleblower,2010,1,crime,1,,
835,3737,tt0993846,The Wolf of Wall Street,2013,125,drama,3,,
836,3742,tt0361127,The Woodsman,2004,NA,drama,1,,
837,3745,tt0143145,The World Is Not Enough,1999,217,action,1,,
838,3746,tt1125849,The Wrestler,2008,31,drama,3,,
839,3519,tt0103074,Thelma & Louise,1991,93,crime,3,adventure crime drama,
840,3521,tt0129387,There's Something About Mary,1998,326,comedy,3,,
841,1401,tt0146309,Thirteen Days,2000,55,drama,1,,
842,3536,tt1758830,This Is 40,2012,73,comedy,1,,
843,3548,tt0167456,Thunderbirds,2004,9,action,1,Stinkers Bad Movie Awards,
844,1409,tt0105585,Thunderheart,1992,47,crime,1,,
845,5130,tt0066434,THX 1138,1971,NA,sci-fi,1,,
846,1407,tt0196158,Ticker,2001,NA,action,1,,
847,3554,tt0857295,Timber Falls,2007,NA,horror,0,,
848,1412,tt0117918,Tin Cup,1996,106,comedy,3,,
849,3563,tt1340800,Tinker Tailor Soldier Spy,2011,26,drama,3,,
850,5136,tt0120338,Titanic,1997,1249,drama,3,,
852,3569,tt0100791,To Sleep with Anger,1990,2,drama,3,,
853,3574,tt0120347,Tomorrow Never Dies,1997,236,action,2,,
854,3576,tt0092099,Top Gun,1986,422,action,2,,
856,1423,tt0181865,Traffic,2000,200,crime,3,,
859,3597,tt0100814,Tremors,1990,34,comedy,1,,
860,3599,tt0375154,Tristan + Isolde,2006,19,drama,0,,
861,1393,tt0084827,TRON,1982,97,sci-fi,2,,
863,5155,tt0098524,True Believer,1989,19,drama,1,,
864,3609,tt0111503,True Lies,1994,303,action,3,,
865,3612,tt0108399,True Romance,1993,25,crime,2,,
866,5160,tt0114746,Twelve Monkeys,1995,113,sci-fi,3,,
867,3621,tt1099212,Twilight,2008,231,sci-fi,2,,
868,5166,tt0105665,Twin Peaks: Fire Walk with Me,1992,8,horror,3,,
869,3625,tt0096320,Twins,1988,237,comedy,1,,
870,3627,tt0417217,Two for the Money,2005,31,drama,1,,
871,3629,tt0120399,U Turn,1997,12,crime,1,,
872,1438,tt0217869,Unbreakable,2000,153,sci-fi,0,drama? mystery? but it's M Night Shyamalan,
873,3635,tt0086510,Under Fire,1983,15,drama,3,,
875,3643,tt1193138,Up in the Air,2009,97,drama,3,,
876,1444,tt0434409,V for Vendetta,2005,95,drama,0,,
877,3650,tt0985699,Valkyrie,2008,100,action,1,,
878,1447,tt0259711,Vanilla Sky,2001,155,sci-fi,3,sci-fi? romance?,
880,1451,tt0124198,Very Bad Things,1998,18,comedy,1,,
882,3668,tt0120885,Wag the Dog,1997,81,drama,3,,
883,1452,tt0351977,Walking Tall,2004,64,action,2,,
884,3673,tt0094291,Wall Street,1987,97,crime,3,,
885,3680,tt1568911,War Horse,2011,87,drama,3,,
887,3686,tt1291584,Warrior,2011,15,action,3,,
888,1465,tt0498399,We Own the Night,2007,36,crime,3,,
889,3694,tt0161081,What Lies Beneath,2000,250,horror,1,,
890,1467,tt0887971,While She Was Out,2008,NA,crime,0,,
891,5223,tt0108558,White Angel,1994,NA,drama,0,,
893,1470,tt0118158,White Squall,1996,20,drama,1,,
894,1471,tt0365929,Whiteout,2009,11,crime,0,,
896,3713,tt0100935,Wild at Heart,1990,30,drama,3,,
897,3720,tt0120890,Wild Things,1998,55,crime,2,,
898,3723,tt0120891,Wild Wild West,1999,195,action,2,,
900,3724,tt0096446,Willow,1988,121,action,2,,
901,3726,tt1606392,Win Win,2011,11,comedy,1,,
902,1482,tt0090329,Witness,1985,160,drama,3,,
903,3740,tt0185014,Wonder Boys,2000,31,drama,3,,
906,1497,tt0295701,xXx,2002,211,action,2,,
907,3759,tt1068680,Yes Man,2008,118,comedy,2,,
908,3761,tt0203230,You Can Count on Me,2000,14,drama,3,,
909,3763,tt0128853,You've Got Mail,1998,215,comedy,3,,
910,5254,tt0072431,Young Frankenstein,1974,401,comedy,3,,
911,3765,tt0403702,Youth in Revolt,2009,17,comedy,2,,
912,3768,tt0421090,Zerophilia,2005,NA,comedy,1,,